ano_mes;pedidos;receita;ticket_medio;variacao_pct;receita_acumulada
2025-01;177;511144,17;2887,82;;511144,17
2025-02;160;512943,79;3205,9;0,4;1024087,96
2025-03;169;536851,96;3176,64;4,7;1560939,92
2025-04;167;445579,66;2668,14;-17,0;2006519,58
2025-05;187;544494,04;2911,73;22,2;2551013,62
2025-06;151;463317,49;3068,33;-14,9;3014331,11
2025-07;160;453335,08;2833,34;-2,2;3467666,19
2025-08;179;466389,92;2605,53;2,9;3934056,11
2025-09;173;429583,2;2483,14;-7,9;4363639,31
2025-10;198;577675,85;2917,55;34,5;4941315,16
2025-11;185;502836,65;2718,04;-13,0;5444151,81
2025-12;154;399202,53;2592,22;-20,6;5843354,34
2026-01;177;493456,16;2787,89;23,6;6336810,5
2026-02;156;349793,6;2242,27;-29,1;6686604,1
2026-03;161;443619,73;2755,4;26,8;7130223,83
2026-04;157;501012,2;3191,16;12,9;7631236,03
2026-05;174;399721,85;2297,25;-20,2;8030957,88
2026-06;172;499788,81;2905,75;25,0;8530746,69
2026-07;172;396103,61;2302,93;-20,7;8926850,3
2026-08;179;502114,46;2805,11;26,8;9428964,76
2026-09;161;394510,99;2450,38;-21,4;9823475,75
